[
  {
    "checkin_id": "CHK-U001-2025-11-30",
    "client_id": "U001",
    "date": "2025-11-30",
    "weight_kg": 74.5,
    "workouts_planned": 3,
    "workouts_done": 2,
    "avg_steps": 5600,
    "sleep_avg_h": 6.4,
    "nutrition_adherence_1_10": 6,
    "highlights": "Did 2 gym sessions.",
    "challenges": "Skipped one workout due to overtime.",
    "notes": "Wants a shorter session option."
  },
  {
    "checkin_id": "CHK-U001-2025-12-07",
    "client_id": "U001",
    "date": "2025-12-07",
    "weight_kg": 74.8,
    "workouts_planned": 3,
    "workouts_done": 3,
    "avg_steps": 6100,
    "sleep_avg_h": 6.7,
    "nutrition_adherence_1_10": 7,
    "highlights": "Hit all workouts. Increased bench reps.",
    "challenges": "Protein low on 2 days.",
    "notes": "Needs easy high-protein snacks."
  },
  {
    "checkin_id": "CHK-U001-2025-12-14",
    "client_id": "U001",
    "date": "2025-12-14",
    "weight_kg": 75.2,
    "workouts_planned": 3,
    "workouts_done": 3,
    "avg_steps": 5900,
    "sleep_avg_h": 6.6,
    "nutrition_adherence_1_10": 8,
    "highlights": "Consistent week. Better energy.",
    "challenges": "Late-night cravings.",
    "notes": "Asks if small dessert is ok."
  },
  {
    "checkin_id": "CHK-U002-2025-11-30",
    "client_id": "U002",
    "date": "2025-11-30",
    "weight_kg": 63.0,
    "workouts_planned": 4,
    "workouts_done": 3,
    "avg_steps": 7100,
    "sleep_avg_h": 7.1,
    "nutrition_adherence_1_10": 7,
    "highlights": "Leg press felt good; no knee pain.",
    "challenges": "Missed 1 session due to travel.",
    "notes": "Wants alternatives for lunges."
  },
  {
    "checkin_id": "CHK-U002-2025-12-07",
    "client_id": "U002",
    "date": "2025-12-07",
    "weight_kg": 62.6,
    "workouts_planned": 4,
    "workouts_done": 4,
    "avg_steps": 7600,
    "sleep_avg_h": 6.9,
    "nutrition_adherence_1_10": 8,
    "highlights": "Completed 4 workouts. Added core work.",
    "challenges": "Slight knee discomfort after stairs.",
    "notes": "Avoid jumping. Prefer steady progress."
  },
  {
    "checkin_id": "CHK-U002-2025-12-14",
    "client_id": "U002",
    "date": "2025-12-14",
    "weight_kg": 62.4,
    "workouts_planned": 4,
    "workouts_done": 3,
    "avg_steps": 7400,
    "sleep_avg_h": 7.0,
    "nutrition_adherence_1_10": 8,
    "highlights": "Upper body strength improving.",
    "challenges": "Busy weekend.",
    "notes": "Needs 30-min backup workout."
  },
  {
    "checkin_id": "CHK-U003-2025-11-30",
    "client_id": "U003",
    "date": "2025-11-30",
    "weight_kg": 92.0,
    "workouts_planned": 4,
    "workouts_done": 2,
    "avg_steps": 4200,
    "sleep_avg_h": 5.8,
    "nutrition_adherence_1_10": 5,
    "highlights": "Did 2 short workouts.",
    "challenges": "Night shifts -> cravings.",
    "notes": "Ate sweets 4 nights."
  },
  {
    "checkin_id": "CHK-U003-2025-12-07",
    "client_id": "U003",
    "date": "2025-12-07",
    "weight_kg": 91.2,
    "workouts_planned": 4,
    "workouts_done": 3,
    "avg_steps": 5200,
    "sleep_avg_h": 6.1,
    "nutrition_adherence_1_10": 6,
    "highlights": "Added 10-min walk after dinner.",
    "challenges": "Skipped breakfast often.",
    "notes": "Wants easy meal plan."
  },
  {
    "checkin_id": "CHK-U003-2025-12-14",
    "client_id": "U003",
    "date": "2025-12-14",
    "weight_kg": 90.6,
    "workouts_planned": 4,
    "workouts_done": 4,
    "avg_steps": 6100,
    "sleep_avg_h": 6.3,
    "nutrition_adherence_1_10": 7,
    "highlights": "Best week so far. Less snacking.",
    "challenges": "One binge after stressful shift.",
    "notes": "Needs coping strategy."
  },
  {
    "checkin_id": "CHK-U004-2025-11-30",
    "client_id": "U004",
    "date": "2025-11-30",
    "weight_kg": 71.2,
    "workouts_planned": 3,
    "workouts_done": 3,
    "avg_steps": 6500,
    "sleep_avg_h": 6.6,
    "nutrition_adherence_1_10": 6,
    "highlights": "Completed 3 sessions.",
    "challenges": "Evening hunger + snacks.",
    "notes": "Wants veg snack ideas."
  },
  {
    "checkin_id": "CHK-U004-2025-12-07",
    "client_id": "U004",
    "date": "2025-12-07",
    "weight_kg": 70.5,
    "workouts_planned": 3,
    "workouts_done": 2,
    "avg_steps": 6200,
    "sleep_avg_h": 6.9,
    "nutrition_adherence_1_10": 7,
    "highlights": "Better lunches (more veggies).",
    "challenges": "Missed workout due to kids.",
    "notes": "Need 15-min workout option."
  },
  {
    "checkin_id": "CHK-U004-2025-12-14",
    "client_id": "U004",
    "date": "2025-12-14",
    "weight_kg": 70.3,
    "workouts_planned": 3,
    "workouts_done": 3,
    "avg_steps": 7000,
    "sleep_avg_h": 7.0,
    "nutrition_adherence_1_10": 7,
    "highlights": "Hit steps goal 5 days.",
    "challenges": "Ate out twice.",
    "notes": "Asks best choices for eating out."
  },
  {
    "checkin_id": "CHK-U005-2025-11-30",
    "client_id": "U005",
    "date": "2025-11-30",
    "weight_kg": 79.0,
    "runs_planned": 4,
    "runs_done": 3,
    "long_run_km": 6.0,
    "quality_session": "6x400m (easy effort)",
    "avg_steps": 9800,
    "sleep_avg_h": 7.0,
    "rpe_avg": 5,
    "highlights": "Good tempo control.",
    "challenges": "Calf tightness after intervals.",
    "notes": "Wants stretch routine."
  },
  {
    "checkin_id": "CHK-U005-2025-12-07",
    "client_id": "U005",
    "date": "2025-12-07",
    "weight_kg": 78.6,
    "runs_planned": 4,
    "runs_done": 4,
    "long_run_km": 7.5,
    "quality_session": "3x5min tempo",
    "avg_steps": 10200,
    "sleep_avg_h": 7.3,
    "rpe_avg": 5,
    "highlights": "All runs done. Easy pace felt easier.",
    "challenges": "One run felt heavy.",
    "notes": "Asks if pace is improving."
  },
  {
    "checkin_id": "CHK-U005-2025-12-14",
    "client_id": "U005",
    "date": "2025-12-14",
    "weight_kg": 78.4,
    "runs_planned": 4,
    "runs_done": 4,
    "long_run_km": 8.0,
    "quality_session": "8x1min fast/1min easy",
    "avg_steps": 9900,
    "sleep_avg_h": 7.1,
    "rpe_avg": 6,
    "highlights": "Strong week. No calf issues.",
    "challenges": "Mild DOMS in quads.",
    "notes": "Wants strength add-on."
  },
  {
    "checkin_id": "CHK-U006-2025-11-30",
    "client_id": "U006",
    "date": "2025-11-30",
    "weight_kg": 58.5,
    "runs_planned": 3,
    "runs_done": 2,
    "long_run_km": 4.0,
    "avg_steps": 6700,
    "sleep_avg_h": 7.6,
    "rpe_avg": 4,
    "highlights": "First 20-min continuous jog!",
    "challenges": "Got anxious about speed.",
    "notes": "Needs clear easy pace guidance."
  },
  {
    "checkin_id": "CHK-U006-2025-12-07",
    "client_id": "U006",
    "date": "2025-12-07",
    "weight_kg": 58.4,
    "runs_planned": 3,
    "runs_done": 3,
    "long_run_km": 5.0,
    "avg_steps": 7100,
    "sleep_avg_h": 7.4,
    "rpe_avg": 4,
    "highlights": "Completed all runs. Felt confident.",
    "challenges": "Slight shin ache after treadmill.",
    "notes": "Asks shoe advice."
  },
  {
    "checkin_id": "CHK-U006-2025-12-14",
    "client_id": "U006",
    "date": "2025-12-14",
    "weight_kg": 58.3,
    "runs_planned": 3,
    "runs_done": 3,
    "long_run_km": 5.5,
    "avg_steps": 6900,
    "sleep_avg_h": 7.5,
    "rpe_avg": 4,
    "highlights": "Long run done at easy effort.",
    "challenges": "Busy week.",
    "notes": "Wants 2-day backup plan."
  },
  {
    "checkin_id": "CHK-U007-2025-11-30",
    "client_id": "U007",
    "date": "2025-11-30",
    "weight_kg": 80.0,
    "sessions_planned": 5,
    "sessions_done": 3,
    "avg_minutes_per_session": 18,
    "stress_1_10": 8,
    "sleep_avg_h": 6.1,
    "highlights": "Shoulders felt looser after practice.",
    "challenges": "Skipped 2 sessions due to late meetings.",
    "notes": "Wants a 10-min reset sequence."
  },
  {
    "checkin_id": "CHK-U007-2025-12-07",
    "client_id": "U007",
    "date": "2025-12-07",
    "weight_kg": 79.6,
    "sessions_planned": 5,
    "sessions_done": 5,
    "avg_minutes_per_session": 15,
    "stress_1_10": 6,
    "sleep_avg_h": 6.4,
    "highlights": "Practiced daily. Breathing helped.",
    "challenges": "Lower back tight after sitting.",
    "notes": "Needs desk stretches."
  },
  {
    "checkin_id": "CHK-U007-2025-12-14",
    "client_id": "U007",
    "date": "2025-12-14",
    "weight_kg": 79.5,
    "sessions_planned": 5,
    "sessions_done": 4,
    "avg_minutes_per_session": 20,
    "stress_1_10": 6,
    "sleep_avg_h": 6.6,
    "highlights": "Better posture awareness.",
    "challenges": "Neck stiffness after long laptop time.",
    "notes": "Asks best poses for neck."
  },
  {
    "checkin_id": "CHK-U008-2025-11-30",
    "client_id": "U008",
    "date": "2025-11-30",
    "weight_kg": 60.0,
    "sessions_planned": 5,
    "sessions_done": 4,
    "avg_minutes_per_session": 20,
    "stress_1_10": 5,
    "sleep_avg_h": 7.0,
    "highlights": "Core engagement improving.",
    "challenges": "Forgets to breathe in balance poses.",
    "notes": "Wants breathing cues."
  },
  {
    "checkin_id": "CHK-U008-2025-12-07",
    "client_id": "U008",
    "date": "2025-12-07",
    "weight_kg": 59.7,
    "sessions_planned": 5,
    "sessions_done": 5,
    "avg_minutes_per_session": 22,
    "stress_1_10": 4,
    "sleep_avg_h": 7.2,
    "highlights": "Neck stiffness reduced.",
    "challenges": "One day wrist discomfort in plank.",
    "notes": "Needs wrist-friendly modifications."
  },
  {
    "checkin_id": "CHK-U008-2025-12-14",
    "client_id": "U008",
    "date": "2025-12-14",
    "weight_kg": 59.6,
    "sessions_planned": 5,
    "sessions_done": 5,
    "avg_minutes_per_session": 18,
    "stress_1_10": 4,
    "sleep_avg_h": 7.1,
    "highlights": "Best consistency. Feels lighter.",
    "challenges": "None major.",
    "notes": "Wants next-level core flow."
  },
  {
    "checkin_id": "CHK-U009-2025-11-30",
    "client_id": "U009",
    "date": "2025-11-30",
    "weight_kg": 69.0,
    "avg_calories": 2100,
    "avg_protein_g": 95,
    "avg_fiber_g": 18,
    "water_l": 1.8,
    "sleep_avg_h": 6.7,
    "nutrition_adherence_1_10": 6,
    "highlights": "Logged 3 days.",
    "challenges": "Travel meals were heavy.",
    "notes": "Needs hotel breakfast plan."
  },
  {
    "checkin_id": "CHK-U009-2025-12-07",
    "client_id": "U009",
    "date": "2025-12-07",
    "weight_kg": 68.4,
    "avg_calories": 1950,
    "avg_protein_g": 105,
    "avg_fiber_g": 22,
    "water_l": 2.2,
    "sleep_avg_h": 6.8,
    "nutrition_adherence_1_10": 7,
    "highlights": "Better protein choices at lunch.",
    "challenges": "Late-night room service.",
    "notes": "Wants low-cal snack options."
  },
  {
    "checkin_id": "CHK-U009-2025-12-14",
    "client_id": "U009",
    "date": "2025-12-14",
    "weight_kg": 68.2,
    "avg_calories": 1900,
    "avg_protein_g": 110,
    "avg_fiber_g": 24,
    "water_l": 2.4,
    "sleep_avg_h": 7.0,
    "nutrition_adherence_1_10": 8,
    "highlights": "Good week even with travel.",
    "challenges": "One social dinner.",
    "notes": "Asks how to handle alcohol (rare)."
  },
  {
    "checkin_id": "CHK-U010-2025-11-30",
    "client_id": "U010",
    "date": "2025-11-30",
    "weight_kg": 66.0,
    "avg_calories": 2300,
    "avg_protein_g": 85,
    "avg_fiber_g": 20,
    "water_l": 2.0,
    "sleep_avg_h": 7.6,
    "nutrition_adherence_1_10": 6,
    "highlights": "Ate breakfast 5 days.",
    "challenges": "Skipped lunch twice.",
    "notes": "Needs reminders."
  },
  {
    "checkin_id": "CHK-U010-2025-12-07",
    "client_id": "U010",
    "date": "2025-12-07",
    "weight_kg": 66.5,
    "avg_calories": 2500,
    "avg_protein_g": 95,
    "avg_fiber_g": 22,
    "water_l": 2.1,
    "sleep_avg_h": 7.9,
    "nutrition_adherence_1_10": 7,
    "highlights": "Added evening snack. Gym 3x.",
    "challenges": "Low appetite mornings.",
    "notes": "Wants high-calorie shake ideas."
  },
  {
    "checkin_id": "CHK-U010-2025-12-14",
    "client_id": "U010",
    "date": "2025-12-14",
    "weight_kg": 66.9,
    "avg_calories": 2600,
    "avg_protein_g": 100,
    "avg_fiber_g": 24,
    "water_l": 2.2,
    "sleep_avg_h": 7.8,
    "nutrition_adherence_1_10": 8,
    "highlights": "Weight up + energy good.",
    "challenges": "None major.",
    "notes": "Asks if creatine is ok."
  }
]
