[
  {
    "client_id": "U001",
    "coach_id": "C001",
    "client_name": "Raj Patel",
    "age": 29,
    "gender": "M",
    "timezone": "Asia/Kolkata",
    "height_cm": 176,
    "start_weight_kg": 74.5,
    "target_weight_kg": 78.0,
    "goal": "Lean muscle gain (recomp)",
    "experience_level": "beginner",
    "constraints": [
      "desk job",
      "can train 3 days/week",
      "no equipment at home"
    ],
    "diet_preferences": [
      "non-vegetarian",
      "no fish"
    ],
    "notes_for_coach": "Likes direct instructions; gets distracted easily.",
    "baseline_metrics": {
      "avg_steps": 5500,
      "sleep_h": 6.5
    }
  },
  {
    "client_id": "U002",
    "coach_id": "C001",
    "client_name": "Priya Sharma",
    "age": 32,
    "gender": "F",
    "timezone": "Asia/Kolkata",
    "height_cm": 162,
    "start_weight_kg": 63.0,
    "target_weight_kg": 60.0,
    "goal": "Get stronger + tone up",
    "experience_level": "intermediate",
    "constraints": [
      "knee discomfort sometimes (no jumping)",
      "can train 4 days/week",
      "gym access"
    ],
    "diet_preferences": [
      "vegetarian",
      "lacto-vegetarian"
    ],
    "notes_for_coach": "Prefers simple routines; needs reassurance on form.",
    "baseline_metrics": {
      "avg_steps": 7000,
      "sleep_h": 7.0
    }
  },
  {
    "client_id": "U003",
    "coach_id": "C002",
    "client_name": "Ankit Verma",
    "age": 27,
    "gender": "M",
    "timezone": "Asia/Kolkata",
    "height_cm": 172,
    "start_weight_kg": 92.0,
    "target_weight_kg": 82.0,
    "goal": "Fat loss + energy",
    "experience_level": "beginner",
    "constraints": [
      "night shifts 3 days/week",
      "can do 20-30 min workouts",
      "prefers home workouts"
    ],
    "diet_preferences": [
      "non-vegetarian",
      "likes sweets"
    ],
    "notes_for_coach": "Motivation fluctuates; responds well to small goals.",
    "baseline_metrics": {
      "avg_steps": 4000,
      "sleep_h": 6.0
    }
  },
  {
    "client_id": "U004",
    "coach_id": "C002",
    "client_name": "Nisha Rao",
    "age": 35,
    "gender": "F",
    "timezone": "Asia/Kolkata",
    "height_cm": 158,
    "start_weight_kg": 71.2,
    "target_weight_kg": 64.0,
    "goal": "Fat loss + better habits",
    "experience_level": "beginner",
    "constraints": [
      "2 kids",
      "time limited mornings",
      "knee-friendly cardio"
    ],
    "diet_preferences": [
      "vegetarian",
      "no eggs"
    ],
    "notes_for_coach": "Needs gentle accountability; stress eater.",
    "baseline_metrics": {
      "avg_steps": 6200,
      "sleep_h": 6.8
    }
  },
  {
    "client_id": "U005",
    "coach_id": "C003",
    "client_name": "Vikram Singh",
    "age": 30,
    "gender": "M",
    "timezone": "Asia/Kolkata",
    "height_cm": 180,
    "start_weight_kg": 79.0,
    "target_weight_kg": 77.0,
    "goal": "Run a 5K under 25 minutes",
    "experience_level": "intermediate",
    "constraints": [
      "can run 4 days/week",
      "mild calf tightness"
    ],
    "diet_preferences": [
      "non-vegetarian"
    ],
    "notes_for_coach": "Likes numbers and pace guidance; tracks runs.",
    "baseline_metrics": {
      "avg_steps": 9000,
      "sleep_h": 7.2
    }
  },
  {
    "client_id": "U006",
    "coach_id": "C003",
    "client_name": "Aditi Joshi",
    "age": 26,
    "gender": "F",
    "timezone": "Asia/Kolkata",
    "height_cm": 165,
    "start_weight_kg": 58.5,
    "target_weight_kg": 58.5,
    "goal": "Build endurance and complete 10K comfortably",
    "experience_level": "beginner",
    "constraints": [
      "prefers treadmill",
      "can run 3 days/week",
      "desk job"
    ],
    "diet_preferences": [
      "vegetarian"
    ],
    "notes_for_coach": "Needs confidence; afraid of ‘running too fast’.",
    "baseline_metrics": {
      "avg_steps": 6500,
      "sleep_h": 7.5
    }
  },
  {
    "client_id": "U007",
    "coach_id": "C004",
    "client_name": "Karan Malhotra",
    "age": 33,
    "gender": "M",
    "timezone": "Asia/Kolkata",
    "height_cm": 174,
    "start_weight_kg": 80.0,
    "target_weight_kg": 78.0,
    "goal": "Reduce stress + improve mobility",
    "experience_level": "beginner",
    "constraints": [
      "high work stress",
      "stiff shoulders/back",
      "can do 15-20 min daily"
    ],
    "diet_preferences": [
      "non-vegetarian"
    ],
    "notes_for_coach": "Wants calm guidance; prefers evening sessions.",
    "baseline_metrics": {
      "avg_steps": 5000,
      "sleep_h": 6.3
    }
  },
  {
    "client_id": "U008",
    "coach_id": "C004",
    "client_name": "Simran Kaur",
    "age": 28,
    "gender": "F",
    "timezone": "Asia/Kolkata",
    "height_cm": 160,
    "start_weight_kg": 60.0,
    "target_weight_kg": 58.0,
    "goal": "Better posture + core strength",
    "experience_level": "beginner",
    "constraints": [
      "works from home",
      "neck stiffness",
      "can do 5 days/week yoga"
    ],
    "diet_preferences": [
      "vegetarian"
    ],
    "notes_for_coach": "Likes short flows + reminders to breathe.",
    "baseline_metrics": {
      "avg_steps": 6800,
      "sleep_h": 7.0
    }
  },
  {
    "client_id": "U009",
    "coach_id": "C005",
    "client_name": "Farah Ali",
    "age": 31,
    "gender": "F",
    "timezone": "Asia/Kolkata",
    "height_cm": 168,
    "start_weight_kg": 69.0,
    "target_weight_kg": 65.0,
    "goal": "Improve nutrition consistency + mild fat loss",
    "experience_level": "intermediate",
    "constraints": [
      "travels 2 weeks/month",
      "eats out often"
    ],
    "diet_preferences": [
      "non-vegetarian",
      "halal-preferred"
    ],
    "notes_for_coach": "Needs meal ideas for hotels/airports.",
    "baseline_metrics": {
      "avg_steps": 7200,
      "sleep_h": 6.9
    }
  },
  {
    "client_id": "U010",
    "coach_id": "C005",
    "client_name": "Dev Kulkarni",
    "age": 24,
    "gender": "M",
    "timezone": "Asia/Kolkata",
    "height_cm": 178,
    "start_weight_kg": 66.0,
    "target_weight_kg": 70.0,
    "goal": "Gain weight healthily + build routine",
    "experience_level": "beginner",
    "constraints": [
      "low appetite",
      "can cook only simple meals",
      "gym 3 days/week"
    ],
    "diet_preferences": [
      "vegetarian",
      "eggs ok"
    ],
    "notes_for_coach": "Forgets to eat; needs structured reminders.",
    "baseline_metrics": {
      "avg_steps": 8000,
      "sleep_h": 7.8
    }
  }
]
