[
  {
    "doc_id": "D001",
    "coach_id": "C001",
    "title": "Onboarding: Strength Basics",
    "doc_type": "text",
    "content": "Goal: build strength with steady progression.\nRules:\n- Train 3–5x/week depending on schedule.\n- Use progressive overload: add reps, then weight.\n- Keep form controlled; stop if sharp pain.\n- Protein target is priority; sleep supports recovery.\nCheck-ins: weekly weight, workouts done, and 1 win + 1 challenge."
  },
  {
    "doc_id": "D002",
    "coach_id": "C001",
    "title": "Form & Recovery Notes",
    "doc_type": "text",
    "content": "Warm-up: 5 minutes + 2 light sets.\nRecovery: aim 7h sleep, 2–3L water.\nIf soreness is mild: train.\nIf joint pain/sharp pain: stop and report."
  },
  {
    "doc_id": "D003",
    "coach_id": "C002",
    "title": "Onboarding: Fat Loss Habits",
    "doc_type": "text",
    "content": "We focus on habits first: protein, steps, sleep.\nWeekly targets:\n- 3 workouts/week (20–45 min)\n- Steps: increase gradually\n- 1 planned treat per week\nMindset: no guilt, just data and adjustments."
  },
  {
    "doc_id": "D004",
    "coach_id": "C002",
    "title": "Simple Portion Guide",
    "doc_type": "text",
    "content": "Each meal:\n- Protein: 1–2 palms\n- Carbs: 1 fist (adjust based on progress)\n- Veggies: 2 fists\n- Fats: 1 thumb\nIf eating out: choose grilled/roasted protein + veg."
  },
  {
    "doc_id": "D005",
    "coach_id": "C003",
    "title": "Onboarding: Running Plan Rules",
    "doc_type": "text",
    "content": "Easy runs must feel easy (RPE 3–4).\nWeekly structure: 2 easy runs + 1 long run + optional 1 quality session.\nIncrease total weekly volume gradually (~10% max).\nIf pain changes your gait: stop and message."
  },
  {
    "doc_id": "D006",
    "coach_id": "C003",
    "title": "Pace & Effort Cheat Sheet",
    "doc_type": "text",
    "content": "Z2 (easy): you can talk.\nTempo: you can say short phrases.\nIntervals: hard but controlled.\nUse RPE if HR/pace varies (heat, sleep, stress)."
  },
  {
    "doc_id": "D007",
    "coach_id": "C004",
    "title": "Onboarding: Yoga Foundations",
    "doc_type": "text",
    "content": "Practice 10–20 minutes most days.\nBreath: slow inhale, longer exhale.\nNo forcing. Use props if needed.\nIf dizzy or sharp pain: stop and rest."
  },
  {
    "doc_id": "D008",
    "coach_id": "C004",
    "title": "Desk Mobility Mini Flow",
    "doc_type": "text",
    "content": "3-minute flow:\n1) Neck rolls (gentle) x 3 each side\n2) Shoulder circles x 10\n3) Thread-the-needle 30s/side\n4) Forward fold with soft knees 30s\n5) 3 slow breaths."
  },
  {
    "doc_id": "D009",
    "coach_id": "C005",
    "title": "Onboarding: Nutrition Consistency",
    "doc_type": "text",
    "content": "We track only what helps decisions.\nWeekly focus:\n- Protein (per meal)\n- Fiber (veg/fruit/oats/legumes)\n- Water\n- Sleep\nIf you travel: plan 1 protein-first meal daily."
  },
  {
    "doc_id": "D010",
    "coach_id": "C005",
    "title": "Quick Meal Templates",
    "doc_type": "text",
    "content": "Template A: protein + carbs + veg.\nExamples:\n- Dal + rice + salad\n- Chicken/tofu stir-fry + rice\n- Paneer/tofu wrap + fruit\nTemplate B (snack): protein + fiber.\nExamples:\n- Yogurt + fruit\n- Roasted chana + banana."
  }
]
