[
  {
    "faq_id": "C001-F01",
    "coach_id": "C001",
    "question": "How many days should I train per week?",
    "answer": "Start with 3 days/week full-body. If recovery is good, move to 4–5 days. Quality first.",
    "tags": "program"
  },
  {
    "faq_id": "C001-F02",
    "coach_id": "C001",
    "question": "What if I miss a workout?",
    "answer": "No stress. Do the next planned session. Don’t try to ‘make up’ by doubling intensity.",
    "tags": "consistency"
  },
  {
    "faq_id": "C001-F03",
    "coach_id": "C001",
    "question": "Can I build muscle and lose fat together?",
    "answer": "Yes, especially if you’re newer. Hit protein, lift progressively, and keep a small calorie deficit.",
    "tags": "bodycomp"
  },
  {
    "faq_id": "C001-F04",
    "coach_id": "C001",
    "question": "Should I take creatine?",
    "answer": "Optional. If you choose it: 3–5g daily, any time. If you have medical concerns, check with a professional.",
    "tags": "supplements"
  },
  {
    "faq_id": "C001-F05",
    "coach_id": "C001",
    "question": "How much protein do I need?",
    "answer": "Aim ~1.6–2.2 g/kg/day. Start with 1.6 and adjust based on adherence.",
    "tags": "nutrition"
  },
  {
    "faq_id": "C001-F06",
    "coach_id": "C001",
    "question": "My muscles are sore—should I train?",
    "answer": "Mild soreness is okay. Sharp pain or joint pain: rest and tell me.",
    "tags": "recovery"
  },
  {
    "faq_id": "C001-F07",
    "coach_id": "C001",
    "question": "Is cardio bad for gains?",
    "answer": "No. Keep it moderate (2–3 sessions/week, 20–30 min) and prioritize lifting.",
    "tags": "cardio"
  },
  {
    "faq_id": "C001-F08",
    "coach_id": "C001",
    "question": "How do I know if weights are heavy enough?",
    "answer": "You should finish sets with ~1–2 reps in reserve (RIR). Last reps feel challenging but controlled.",
    "tags": "training"
  },
  {
    "faq_id": "C001-F09",
    "coach_id": "C001",
    "question": "What should I eat pre-workout?",
    "answer": "60–90 min before: carbs + protein (banana + yogurt, or toast + eggs). Keep it simple.",
    "tags": "nutrition"
  },
  {
    "faq_id": "C001-F10",
    "coach_id": "C001",
    "question": "How long until I see results?",
    "answer": "Usually 2–4 weeks for strength/energy, 6–12 weeks for visible changes—if consistent.",
    "tags": "expectations"
  },
  {
    "faq_id": "C002-F01",
    "coach_id": "C002",
    "question": "How fast should I lose weight?",
    "answer": "A safe pace is ~0.25–0.75% of body weight per week. Slow is sustainable.",
    "tags": "fatloss"
  },
  {
    "faq_id": "C002-F02",
    "coach_id": "C002",
    "question": "What if I overeat on weekends?",
    "answer": "No guilt. Return to normal meals next. Add a walk + hydrate. Consistency wins.",
    "tags": "mindset"
  },
  {
    "faq_id": "C002-F03",
    "coach_id": "C002",
    "question": "Do I need to count calories?",
    "answer": "Not always. We can start with portions + habits. If progress stalls, we track for 1–2 weeks.",
    "tags": "nutrition"
  },
  {
    "faq_id": "C002-F04",
    "coach_id": "C002",
    "question": "Best snacks for fat loss?",
    "answer": "Protein + fiber: yogurt + fruit, roasted chana, paneer/tofu, nuts (small portion).",
    "tags": "snacks"
  },
  {
    "faq_id": "C002-F05",
    "coach_id": "C002",
    "question": "What should I do if I crave sweets?",
    "answer": "Plan it: 1 portion after a balanced meal. Also try fruit + yogurt first.",
    "tags": "cravings"
  },
  {
    "faq_id": "C002-F06",
    "coach_id": "C002",
    "question": "How many steps should I aim for?",
    "answer": "Start from your baseline. Add 1,000/day each week until 8k–10k feels normal.",
    "tags": "steps"
  },
  {
    "faq_id": "C002-F07",
    "coach_id": "C002",
    "question": "I’m too busy for workouts—now what?",
    "answer": "We’ll do 20-min sessions + walking. Minimum effective dose is still progress.",
    "tags": "time"
  },
  {
    "faq_id": "C002-F08",
    "coach_id": "C002",
    "question": "Can I eat out?",
    "answer": "Yes. Choose 1: grilled/roasted protein + veg. Keep sauces/fried sides smaller.",
    "tags": "eatingout"
  },
  {
    "faq_id": "C002-F09",
    "coach_id": "C002",
    "question": "Why is weight stuck?",
    "answer": "Check: sleep, weekend calories, steps, cycle/stress. We adjust one lever at a time.",
    "tags": "plateau"
  },
  {
    "faq_id": "C002-F10",
    "coach_id": "C002",
    "question": "How do I stay motivated?",
    "answer": "Focus on process goals: workouts done, steps hit, protein hit—not just the scale.",
    "tags": "motivation"
  },
  {
    "faq_id": "C003-F01",
    "coach_id": "C003",
    "question": "What pace should my easy run be?",
    "answer": "Easy = conversational (Z2 / RPE 3–4). If you can’t talk, slow down.",
    "tags": "zones"
  },
  {
    "faq_id": "C003-F02",
    "coach_id": "C003",
    "question": "How many runs per week for beginners?",
    "answer": "3 is perfect: 2 easy + 1 longer. Add quality only after consistency.",
    "tags": "plan"
  },
  {
    "faq_id": "C003-F03",
    "coach_id": "C003",
    "question": "What if my shins hurt?",
    "answer": "Reduce volume, check shoes, add rest. If pain persists or changes your gait, stop and tell me.",
    "tags": "injury"
  },
  {
    "faq_id": "C003-F04",
    "coach_id": "C003",
    "question": "Can I do strength training as a runner?",
    "answer": "Yes—2x/week basics (squat/hinge/push/pull/core). It reduces injury risk.",
    "tags": "strength"
  },
  {
    "faq_id": "C003-F05",
    "coach_id": "C003",
    "question": "How do I improve speed?",
    "answer": "One quality session/week (intervals or tempo) + consistent easy miles.",
    "tags": "speed"
  },
  {
    "faq_id": "C003-F06",
    "coach_id": "C003",
    "question": "What’s a long run?",
    "answer": "A comfortable run that’s longer than usual. Keep it easy and steady.",
    "tags": "longrun"
  },
  {
    "faq_id": "C003-F07",
    "coach_id": "C003",
    "question": "How should I warm up?",
    "answer": "5–10 min easy jog + leg swings + 2 short strides.",
    "tags": "warmup"
  },
  {
    "faq_id": "C003-F08",
    "coach_id": "C003",
    "question": "What should I do after a race?",
    "answer": "48–72h easy movement, short easy runs only, then back to plan.",
    "tags": "recovery"
  },
  {
    "faq_id": "C003-F09",
    "coach_id": "C003",
    "question": "Is treadmill ok?",
    "answer": "Yes. Set 1% incline for outdoor feel. Keep effort (RPE) the same.",
    "tags": "treadmill"
  },
  {
    "faq_id": "C003-F10",
    "coach_id": "C003",
    "question": "How to fuel for runs?",
    "answer": "<45 min: water. 60+ min: add carbs (banana/gel) + electrolytes as needed.",
    "tags": "fueling"
  },
  {
    "faq_id": "C004-F01",
    "coach_id": "C004",
    "question": "I’m stiff in the morning—what can I do?",
    "answer": "Try 5 minutes: cat-cow, forward fold (soft knees), gentle twists, slow breaths.",
    "tags": "mobility"
  },
  {
    "faq_id": "C004-F02",
    "coach_id": "C004",
    "question": "Yoga vs stretching—what’s the difference?",
    "answer": "Yoga is breath + movement + awareness. Stretching is just lengthening tissue.",
    "tags": "basics"
  },
  {
    "faq_id": "C004-F03",
    "coach_id": "C004",
    "question": "What if a pose hurts?",
    "answer": "Stop. No sharp pain. Modify or skip. Tell me what you felt.",
    "tags": "safety"
  },
  {
    "faq_id": "C004-F04",
    "coach_id": "C004",
    "question": "How often should I practice?",
    "answer": "5 days/week for 10–20 min beats 1 long session weekly.",
    "tags": "consistency"
  },
  {
    "faq_id": "C004-F05",
    "coach_id": "C004",
    "question": "Can yoga help with stress?",
    "answer": "It can support relaxation. Use slow breathing + gentle poses like child’s pose.",
    "tags": "stress"
  },
  {
    "faq_id": "C004-F06",
    "coach_id": "C004",
    "question": "I sit all day—what should I do?",
    "answer": "Do desk mobility: neck rolls, shoulder openers, thread-the-needle, 3 minutes total.",
    "tags": "desk"
  },
  {
    "faq_id": "C004-F07",
    "coach_id": "C004",
    "question": "Best poses for tight hips?",
    "answer": "Low lunge, pigeon (or figure-4), butterfly. Breathe and stay gentle.",
    "tags": "hips"
  },
  {
    "faq_id": "C004-F08",
    "coach_id": "C004",
    "question": "Can I do yoga after strength training?",
    "answer": "Yes. Keep it gentle on heavy leg days. Focus on breath + recovery.",
    "tags": "recovery"
  },
  {
    "faq_id": "C004-F09",
    "coach_id": "C004",
    "question": "How do I breathe correctly?",
    "answer": "Slow inhale through nose, longer exhale. If dizzy, return to normal breathing.",
    "tags": "breath"
  },
  {
    "faq_id": "C004-F10",
    "coach_id": "C004",
    "question": "Is it normal to shake in poses?",
    "answer": "Yes—your body is working. Back off intensity and keep the breath smooth.",
    "tags": "confidence"
  },
  {
    "faq_id": "C005-F01",
    "coach_id": "C005",
    "question": "Do I need macros?",
    "answer": "Not always. We can start with protein + fiber targets. Add macros if needed.",
    "tags": "macros"
  },
  {
    "faq_id": "C005-F02",
    "coach_id": "C005",
    "question": "How much protein should I eat?",
    "answer": "A simple start: 25–35g per meal, 3 meals/day. We adjust with results.",
    "tags": "protein"
  },
  {
    "faq_id": "C005-F03",
    "coach_id": "C005",
    "question": "What if I’m vegetarian?",
    "answer": "Use dal, chana, tofu/paneer, Greek yogurt, soy chunks. Combine for complete protein.",
    "tags": "veg"
  },
  {
    "faq_id": "C005-F04",
    "coach_id": "C005",
    "question": "How do I reduce hunger?",
    "answer": "Add protein + fiber + water. Also check sleep. Hunger often spikes when sleep drops.",
    "tags": "hunger"
  },
  {
    "faq_id": "C005-F05",
    "coach_id": "C005",
    "question": "How do I plan meals when busy?",
    "answer": "Pick 2 go-to breakfasts + 2 lunches + 2 dinners. Repeat. Simple beats perfect.",
    "tags": "planning"
  },
  {
    "faq_id": "C005-F06",
    "coach_id": "C005",
    "question": "What about supplements?",
    "answer": "Food first. If you use supplements, keep basics only and confirm with a professional if needed.",
    "tags": "supplements"
  },
  {
    "faq_id": "C005-F07",
    "coach_id": "C005",
    "question": "How do I handle social events?",
    "answer": "Decide in advance: 1 treat + normal meals. Eat slowly, prioritize protein.",
    "tags": "events"
  },
  {
    "faq_id": "C005-F08",
    "coach_id": "C005",
    "question": "What should I track weekly?",
    "answer": "Weight trend, average protein, fiber, steps, sleep. That’s enough for decisions.",
    "tags": "tracking"
  },
  {
    "faq_id": "C005-F09",
    "coach_id": "C005",
    "question": "How to fix digestion issues?",
    "answer": "Increase fiber gradually, hydrate, and observe triggers. For medical issues, consult a professional.",
    "tags": "digestion"
  },
  {
    "faq_id": "C005-F10",
    "coach_id": "C005",
    "question": "What is a healthy plate?",
    "answer": "½ veggies, ¼ protein, ¼ carbs, plus a little fat. Simple and effective.",
    "tags": "plate"
  }
]
