[
  {
    "reminder_id": "R001",
    "coach_id": "C001",
    "client_id": "U001",
    "cadence": "weekly",
    "days_of_week": [
      "Sun"
    ],
    "time_local": "19:30",
    "timezone": "Asia/Kolkata",
    "template_key": "weekly_checkin",
    "message": "Quick check-in: weight (if tracking), workouts done, steps, and 1 win + 1 challenge this week.",
    "enabled": true
  },
  {
    "reminder_id": "R002",
    "coach_id": "C001",
    "client_id": "U001",
    "cadence": "weekly",
    "days_of_week": [
      "Mon",
      "Wed",
      "Fri"
    ],
    "time_local": "07:15",
    "timezone": "Asia/Kolkata",
    "template_key": "workout_nudge",
    "message": "Gym nudge: show up, do the first 10 minutes. Momentum will handle the rest. 💪",
    "enabled": true
  },
  {
    "reminder_id": "R003",
    "coach_id": "C001",
    "client_id": "U002",
    "cadence": "weekly",
    "days_of_week": [
      "Sun"
    ],
    "time_local": "19:30",
    "timezone": "Asia/Kolkata",
    "template_key": "weekly_checkin",
    "message": "Quick check-in: weight (if tracking), workouts done, steps, and 1 win + 1 challenge this week.",
    "enabled": true
  },
  {
    "reminder_id": "R004",
    "coach_id": "C001",
    "client_id": "U002",
    "cadence": "weekly",
    "days_of_week": [
      "Mon",
      "Wed",
      "Fri"
    ],
    "time_local": "07:15",
    "timezone": "Asia/Kolkata",
    "template_key": "workout_nudge",
    "message": "Gym nudge: show up, do the first 10 minutes. Momentum will handle the rest. 💪",
    "enabled": true
  },
  {
    "reminder_id": "R005",
    "coach_id": "C002",
    "client_id": "U003",
    "cadence": "weekly",
    "days_of_week": [
      "Sun"
    ],
    "time_local": "19:30",
    "timezone": "Asia/Kolkata",
    "template_key": "weekly_checkin",
    "message": "Quick check-in: weight (if tracking), workouts done, steps, and 1 win + 1 challenge this week.",
    "enabled": true
  },
  {
    "reminder_id": "R006",
    "coach_id": "C002",
    "client_id": "U003",
    "cadence": "weekly",
    "days_of_week": [
      "Mon",
      "Tue",
      "Wed",
      "Thu",
      "Fri"
    ],
    "time_local": "12:30",
    "timezone": "Asia/Kolkata",
    "template_key": "habit_nudge",
    "message": "Mini-win today: 10-min walk after one meal + protein at your next meal. You’ve got this 🙂",
    "enabled": true
  },
  {
    "reminder_id": "R007",
    "coach_id": "C002",
    "client_id": "U004",
    "cadence": "weekly",
    "days_of_week": [
      "Sun"
    ],
    "time_local": "19:30",
    "timezone": "Asia/Kolkata",
    "template_key": "weekly_checkin",
    "message": "Quick check-in: weight (if tracking), workouts done, steps, and 1 win + 1 challenge this week.",
    "enabled": true
  },
  {
    "reminder_id": "R008",
    "coach_id": "C002",
    "client_id": "U004",
    "cadence": "weekly",
    "days_of_week": [
      "Mon",
      "Tue",
      "Wed",
      "Thu",
      "Fri"
    ],
    "time_local": "12:30",
    "timezone": "Asia/Kolkata",
    "template_key": "habit_nudge",
    "message": "Mini-win today: 10-min walk after one meal + protein at your next meal. You’ve got this 🙂",
    "enabled": true
  },
  {
    "reminder_id": "R009",
    "coach_id": "C003",
    "client_id": "U005",
    "cadence": "weekly",
    "days_of_week": [
      "Sun"
    ],
    "time_local": "19:30",
    "timezone": "Asia/Kolkata",
    "template_key": "weekly_checkin",
    "message": "Quick check-in: weight (if tracking), workouts done, steps, and 1 win + 1 challenge this week.",
    "enabled": true
  },
  {
    "reminder_id": "R010",
    "coach_id": "C003",
    "client_id": "U005",
    "cadence": "weekly",
    "days_of_week": [
      "Mon",
      "Wed",
      "Fri"
    ],
    "time_local": "06:45",
    "timezone": "Asia/Kolkata",
    "template_key": "run_easy",
    "message": "Run reminder: keep today EASY (conversational pace). Warm up 5 min, then start.",
    "enabled": true
  },
  {
    "reminder_id": "R011",
    "coach_id": "C003",
    "client_id": "U006",
    "cadence": "weekly",
    "days_of_week": [
      "Sun"
    ],
    "time_local": "19:30",
    "timezone": "Asia/Kolkata",
    "template_key": "weekly_checkin",
    "message": "Quick check-in: weight (if tracking), workouts done, steps, and 1 win + 1 challenge this week.",
    "enabled": true
  },
  {
    "reminder_id": "R012",
    "coach_id": "C003",
    "client_id": "U006",
    "cadence": "weekly",
    "days_of_week": [
      "Mon",
      "Wed",
      "Fri"
    ],
    "time_local": "06:45",
    "timezone": "Asia/Kolkata",
    "template_key": "run_easy",
    "message": "Run reminder: keep today EASY (conversational pace). Warm up 5 min, then start.",
    "enabled": true
  },
  {
    "reminder_id": "R013",
    "coach_id": "C004",
    "client_id": "U007",
    "cadence": "weekly",
    "days_of_week": [
      "Sun"
    ],
    "time_local": "19:30",
    "timezone": "Asia/Kolkata",
    "template_key": "weekly_checkin",
    "message": "Quick check-in: weight (if tracking), workouts done, steps, and 1 win + 1 challenge this week.",
    "enabled": true
  },
  {
    "reminder_id": "R014",
    "coach_id": "C004",
    "client_id": "U007",
    "cadence": "weekly",
    "days_of_week": [
      "Mon",
      "Tue",
      "Wed",
      "Thu",
      "Fri"
    ],
    "time_local": "21:00",
    "timezone": "Asia/Kolkata",
    "template_key": "daily_yoga",
    "message": "10-min reset: 3 slow breaths + cat-cow + child's pose. Reply 'done' when finished.",
    "enabled": true
  },
  {
    "reminder_id": "R015",
    "coach_id": "C004",
    "client_id": "U008",
    "cadence": "weekly",
    "days_of_week": [
      "Sun"
    ],
    "time_local": "19:30",
    "timezone": "Asia/Kolkata",
    "template_key": "weekly_checkin",
    "message": "Quick check-in: weight (if tracking), workouts done, steps, and 1 win + 1 challenge this week.",
    "enabled": true
  },
  {
    "reminder_id": "R016",
    "coach_id": "C004",
    "client_id": "U008",
    "cadence": "weekly",
    "days_of_week": [
      "Mon",
      "Tue",
      "Wed",
      "Thu",
      "Fri"
    ],
    "time_local": "21:00",
    "timezone": "Asia/Kolkata",
    "template_key": "daily_yoga",
    "message": "10-min reset: 3 slow breaths + cat-cow + child's pose. Reply 'done' when finished.",
    "enabled": true
  },
  {
    "reminder_id": "R017",
    "coach_id": "C005",
    "client_id": "U009",
    "cadence": "weekly",
    "days_of_week": [
      "Sun"
    ],
    "time_local": "19:30",
    "timezone": "Asia/Kolkata",
    "template_key": "weekly_checkin",
    "message": "Quick check-in: weight (if tracking), workouts done, steps, and 1 win + 1 challenge this week.",
    "enabled": true
  },
  {
    "reminder_id": "R018",
    "coach_id": "C005",
    "client_id": "U009",
    "cadence": "weekly",
    "days_of_week": [
      "Mon",
      "Tue",
      "Wed",
      "Thu",
      "Fri"
    ],
    "time_local": "10:30",
    "timezone": "Asia/Kolkata",
    "template_key": "nutrition_ping",
    "message": "Nutrition ping: plan your next meal with protein + fiber. Reply with what you’ll eat and I’ll tweak it.",
    "enabled": true
  },
  {
    "reminder_id": "R019",
    "coach_id": "C005",
    "client_id": "U010",
    "cadence": "weekly",
    "days_of_week": [
      "Sun"
    ],
    "time_local": "19:30",
    "timezone": "Asia/Kolkata",
    "template_key": "weekly_checkin",
    "message": "Quick check-in: weight (if tracking), workouts done, steps, and 1 win + 1 challenge this week.",
    "enabled": true
  },
  {
    "reminder_id": "R020",
    "coach_id": "C005",
    "client_id": "U010",
    "cadence": "weekly",
    "days_of_week": [
      "Mon",
      "Tue",
      "Wed",
      "Thu",
      "Fri"
    ],
    "time_local": "10:30",
    "timezone": "Asia/Kolkata",
    "template_key": "nutrition_ping",
    "message": "Nutrition ping: plan your next meal with protein + fiber. Reply with what you’ll eat and I’ll tweak it.",
    "enabled": true
  }
]
